{
  "project_info": {
    "project_number": "1023715377367",
    "project_id": "bistroplacilo",
    "storage_bucket": "bistroplacilo.appspot.com"
  },
  "client": [
    {
      "client_info": {
        "mobilesdk_app_id": "1:1023715377367:android:b908c10ac7dbecdb9eb092",
        "android_client_info": {
          "package_name": "com.example.myapplication"
        }
      },
      "oauth_client": [],
      "api_key": [
        {
          "current_key": "AIzaSyA4APKlKehUJr_FBtgzBO2H3NQpCLpIjRI"
        }
      ],
      "services": {
        "appinvite_service": {
          "other_platform_oauth_client": []
        }
      }
    }
  ],
  "configuration_version": "1"
}